{"possibility_overall": {"a": 0.0846392933555352, "b": 0.018750476527547293, "c": 0.042060086240896556, "d": 0.03523056402977109, "e": 0.11001079658462706, "f": 0.012439604545672753, "g": 0.02440291686629837, "h": 0.027321383355939956, "i": 0.08694968716260673, "j": 0.00178374262147099, "k": 0.008793992317199326, "l": 0.05762147569638912, "m": 0.0292698515493146, "n": 0.07165985957850962, "o": 0.0706211471865343, "p": 0.030961347850519544, "q": 0.0018759889417370359, "r": 0.07023333612582398, "s": 0.06987282244560056, "t": 0.06460866381205095, "u": 0.03638270174411436, "v": 0.009910361050214943, "w": 0.008345468117130236, "x": 0.0028473991714774377, "y": 0.019289364469917816, "z": 0.004117668653100182}, "possibility_by_word_length": {"3": {"a": 0.08072088444646373, "s": 0.06784794790246858, "c": 0.060124185976071484, "e": 0.058003937604119336, "o": 0.05512645767075572, "i": 0.05315765561108587, "t": 0.05285476298652128, "m": 0.05255187036195669, "d": 0.05103740723913373, "p": 0.050431621990004546, "r": 0.0481599273057701, "l": 0.04346509162501893, "b": 0.040587611691655305, "n": 0.037407239133727094, "u": 0.0369529001968802, "f": 0.03377252763895199, "g": 0.0333181887021051, "h": 0.02832046039678934, "v": 0.022111161593215207, "w": 0.022111161593215207, "y": 0.019990913221263062, "k": 0.017870664849310918, "x": 0.011055580796607603, "j": 0.009995456610631531, "q": 0.006966530364985612, "z": 0.006057852491291837}, "6": {"e": 0.1137096361496341, "a": 0.10305682070177234, "i": 0.06935844293195503, "r": 0.06846288999198268, "s": 0.06775497671562355, "o": 0.06418982310697166, "n": 0.06290193268853522, "l": 0.0575968476536513, "t": 0.05292291421455743, "u": 0.040154888013237126, "d": 0.038073793562253724, "c": 0.03462804701226481, "m": 0.03197550449482285, "h": 0.02880268836463504, "p": 0.026005151561673746, "g": 0.02570663391501629, "b": 0.024563737782099176, "y": 0.022968800641386487, "k": 0.017066680313187657, "f": 0.013126247377309247, "w": 0.012469508554662846, "v": 0.01013254183511591, "z": 0.005492724698497177, "j": 0.004000136465209901, "x": 0.0032325196595193013, "q": 0.001646111594425396}, "4": {"a": 0.10346132021940609, "e": 0.08795157934556459, "o": 0.07182712313221108, "s": 0.07050312086249291, "i": 0.06596368450917345, "r": 0.05683752600718744, "l": 0.05243994703990921, "t": 0.04808965386797806, "n": 0.04728579534707774, "u": 0.0409967845659164, "d": 0.040145640249669, "m": 0.03825420843578589, "c": 0.036457348212596934, "p": 0.033100056742954416, "b": 0.028797049366370342, "h": 0.02775676186873463, "g": 0.0259126158501986, "y": 0.025628901078116134, "k": 0.02529790051068659, "f": 0.02132589370153206, "w": 0.016833743143559676, "v": 0.012436164176281446, "z": 0.008511443162473993, "j": 0.007707584641573671, "x": 0.004775865330054851, "q": 0.0017022886324947987}, "5": {"a": 0.11160191591271953, "e": 0.09895334397729288, "s": 0.07411743835373426, "o": 0.06696824552066702, "r": 0.06583288983501863, "i": 0.06521199219442966, "l": 0.055525989001241796, "n": 0.05375199574241618, "t": 0.048855774348057476, "u": 0.039843888593223346, "d": 0.035302465850629766, "c": 0.0342380698953344, "y": 0.03225119744544971, "m": 0.03163029980486074, "h": 0.029253148838034416, "b": 0.026911477736384602, "p": 0.026432499556501687, "g": 0.0233102714209686, "k": 0.022263615398261487, "f": 0.014511264857193543, "w": 0.013748447755898528, "v": 0.01133581692389569, "z": 0.006989533439772929, "j": 0.005747738158594997, "x": 0.004080184495298918, "q": 0.0013304949441192123}, "8": {"e": 0.11364196111913831, "a": 0.08930037435964797, "i": 0.08065151714173124, "s": 0.07307812294758965, "r": 0.07132536450807829, "n": 0.06589468672008407, "o": 0.06566071194010245, "t": 0.059384441087613295, "l": 0.05909710363851307, "d": 0.0389137002495731, "c": 0.03790801917772232, "u": 0.03679561276763431, "m": 0.0301129646657034, "p": 0.027563871010114278, "h": 0.02665670563509786, "g": 0.026102554840404572, "b": 0.022083935373702877, "y": 0.016526008143964273, "f": 0.014740411138841456, "k": 0.013106692499671614, "w": 0.011530441350321817, "v": 0.009519079206620255, "z": 0.0038339025351372654, "x": 0.002783068435570734, "j": 0.001990838040194404, "q": 0.0017979114672271115}, "7": {"e": 0.1132154418727565, "a": 0.09609879098857055, "i": 0.07634499768768306, "r": 0.07240304785394966, "s": 0.07173137483758726, "n": 0.0638694972362307, "o": 0.06240502983989958, "l": 0.058584201369772514, "t": 0.056216829262921444, "d": 0.038312889515294324, "u": 0.038230306767380914, "c": 0.03669426765619151, "m": 0.030170230571032176, "h": 0.027478032989055032, "p": 0.027312867493228216, "g": 0.027307361976700653, "b": 0.02297452046951045, "y": 0.018377414168997335, "k": 0.014815344975665617, "f": 0.01404457266180713, "w": 0.01206258671188531, "v": 0.008731749212711137, "z": 0.00456407320134775, "j": 0.003314320949591491, "x": 0.0030005065075205356, "q": 0.0017397432227091545}, "10": {"e": 0.11539717285645383, "i": 0.08868029532890587, "a": 0.0800170667458168, "r": 0.07191407264497458, "n": 0.07093087967944199, "o": 0.0692687270433718, "s": 0.06657143917189182, "t": 0.06532482469483916, "l": 0.05761510778020999, "c": 0.04127184357956443, "d": 0.038722962193447855, "u": 0.03556932437947538, "p": 0.030252662041331205, "m": 0.029358512967016658, "h": 0.027061922606017884, "g": 0.025399769969947687, "b": 0.01867324602085111, "y": 0.018098170890067895, "f": 0.01309316217118688, "v": 0.009965495492153007, "w": 0.008845026527659259, "k": 0.008307053018216897, "z": 0.0038400178087782434, "x": 0.0028827959781842468, "q": 0.0016547323118020257, "j": 0.0012837160983934998}, "9": {"e": 0.11470624186601666, "i": 0.0845682607476434, "a": 0.08447119221726095, "s": 0.07450548976466274, "r": 0.07196373232094451, "o": 0.06772866829166577, "n": 0.0670995204095573, "t": 0.06342889190879872, "l": 0.05682823184279212, "c": 0.04022951314739317, "d": 0.03819107400936172, "u": 0.03547675028940803, "m": 0.029789253435147437, "p": 0.02893001718472501, "h": 0.027089310238213364, "g": 0.024597884625063814, "b": 0.01958627235272547, "y": 0.016807236279183475, "f": 0.013402647454287913, "k": 0.010749440957167612, "w": 0.010145458990343479, "v": 0.009336554570489729, "z": 0.004026546445494223, "x": 0.0030091244418559504, "q": 0.0016861163240507056, "j": 0.0016465698857467447}, "11": {"e": 0.11126848224188697, "i": 0.0917309671808048, "a": 0.07957039011195072, "n": 0.0736137819873447, "r": 0.07239692634233141, "o": 0.07107633874069405, "t": 0.06738188520862093, "s": 0.06476464814918251, "l": 0.05705656583388524, "c": 0.04401426713372645, "d": 0.03628224667459285, "u": 0.03560399926589692, "p": 0.032559865308044014, "m": 0.028889349919807218, "h": 0.027620628296481892, "g": 0.025665679883181858, "y": 0.018340607869265817, "b": 0.01740702025964907, "f": 0.011929175011769587, "v": 0.010289412158981192, "w": 0.007313102941997877, "k": 0.0060802885344270405, "z": 0.0036106700286459787, "x": 0.002756876231816985, "q": 0.0016676906872641094, "j": 0.0011091339977498144}, "12": {"e": 0.10944548355154582, "i": 0.09341878461143507, "a": 0.07779091942641288, "n": 0.07754336744049584, "o": 0.0738575934279532, "r": 0.07039186562511461, "t": 0.0691220156232809, "s": 0.06633934792973191, "l": 0.057239520299262846, "c": 0.045196574614002276, "u": 0.03633513037737925, "d": 0.03414383687240987, "p": 0.03291982983093116, "m": 0.028298859427146366, "h": 0.027212381266732682, "g": 0.024571826750284225, "y": 0.01895606410679576, "b": 0.016031283236146256, "f": 0.010901455972420876, "v": 0.010245901639344262, "w": 0.005968753438222027, "k": 0.004689734844317306, "z": 0.0038233028936076577, "x": 0.0026084644441999485, "q": 0.0018887299666263248, "j": 0.0010589723842006822}, "13": {"e": 0.10656779157859739, "i": 0.0965516422447574, "n": 0.08084760253639538, "a": 0.07723181418766475, "o": 0.07616904552687202, "t": 0.070403970836203, "r": 0.06925808060417508, "s": 0.06739378250647161, "l": 0.057900111620395656, "c": 0.04690431519699812, "u": 0.03595007955921818,