{"transformative_possibility": {"a": {"e": 0.8759209728809978, "i": 0.8055016487152254, "n": 0.7086194720774924, "r": 0.6835134038045564, "t": 0.6710298770553335, "l": 0.6135667298720509, "a": 0.5971741076641626, "s": 0.5895505374311182, "o": 0.5579775018488965, "c": 0.44845610191451146, "d": 0.31086483871505866, "m": 0.30790104372292687, "p": 0.3023182103793991, "u": 0.2859422699444497, "h": 0.2721631254969778, "g": 0.22913527249676097, "b": 0.18799802042961125, "y": 0.17980170932566714, "f": 0.09191100830196233, "v": 0.08662288628035388, "k": 0.07401702652957956, "w": 0.05969850475708558, "z": 0.042749823451236395, "x": 0.026696397293104312, "q": 0.02095230681116789, "j": 0.01657056111923575}, "s": {"e": 1.1461990273605367, "i": 0.88496719699317, "a": 0.714142339453867, "n": 0.6830367366733575, "o": 0.6792781991351322, "s": 0.6421980035295227, "t": 0.6225161994315044, "r": 0.6213711252711132, "l": 0.488441486710404, "u": 0.40629925502822273, "c": 0.3672791690803034, "p": 0.31978553434548906, "d": 0.27925664479799545, "m": 0.26686963667470465, "h": 0.25755412159340435, "g": 0.18711185353827917, "b": 0.1575015828966335, "y": 0.1517223262518355, "f": 0.1078659859088521, "v": 0.08950438496046126, "k": 0.06884589996093277, "w": 0.06551171343508777, "z": 0.021675580283170105, "x": 0.020564184774555103, "q": 0.019944497581872802, "j": 0.01158545621101696}, "c": {"e": 1.0149719695189499, "i": 0.9593921693690065, "a": 0.9024472120581423, "o": 0.832936094979131, "n": 0.691854935266933, "r": 0.6775207850772657, "t": 0.6486846375060146, "s": 0.6101469222419909, "l": 0.571239943155751, "u": 0.35140488099634093, "c": 0.3396555775621874, "h": 0.32104691888504705, "p": 0.2984323072275001, "d": 0.2691261875188828, "m": 0.26507547528729847, "y": 0.21135318406123066, "g": 0.1471348484339857, "b": 0.13132364295545335, "f": 0.09011156243356049, "k": 0.08494186892253293, "v": 0.07585574093345418, "w": 0.036232613828370654, "z": 0.02565824073763246, "x": 0.02205512101782537, "q": 0.012700437521680262, "j": 0.012443071827408328}, "h": {"e": 0.9819296825205422, "a": 0.8431379304404748, "o": 0.8046373016830028, "i": 0.7802277307884447, "r": 0.6672753268677543, "s": 0.6586794370467348, "t": 0.6561988596234346, "n": 0.5332207886169058, "c": 0.4942378253604589, "l": 0.4696043134485194, "p": 0.41475599042221495, "d": 0.2896935453308298, "m": 0.2742760675957348, "u": 0.26071902292811494, "y": 0.24774767015210764, "g": 0.22881604106733733, "h": 0.21897986253466778, "b": 0.1316773182201857, "w": 0.08792268867030714, "f": 0.07949906117035022, "k": 0.07141995831251831, "v": 0.03948252398752821, "z": 0.03148955229022756, "x": 0.021808409846514273, "j": 0.00739005357358185, "q": 0.0071488863240943305}, "e": {"e": 0.8415153265310488, "r": 0.7748229908661148, "i": 0.7372863590665041, "s": 0.7280027380264819, "n": 0.7192838349483411, "a": 0.6739096023444352, "t": 0.6626152431068044, "o": 0.562788508845109, "l": 0.5607948833130121, "d": 0.40946758219427154, "c": 0.388051081306552, "u": 0.30930715095510064, "p": 0.30684292712143574, "m": 0.27043145307921024, "h": 0.24386403987251065, "g": 0.20551883462747866, "b": 0.1765684827482941, "y": 0.14263834520524504, "v": 0.13107873965218508, "f": 0.12383152580803868, "w": 0.08322744871548055, "k": 0.07056835440330274, "z": 0.0410190592312135, "x": 0.033575049733684144, "q": 0.019375815525465787, "j": 0.013985325889323837}, "n": {"e": 1.1042302918054105, "i": 1.0249574737782332, "a": 0.8369685864218207, "o": 0.7445733913922986, "s": 0.6660033232846663, "t": 0.6608673378913562, "r": 0.5947825744290978, "n": 0.5880506242652322, "l": 0.4859285822184567, "c": 0.4060778016406255, "u": 0.3979731904189572, "d": 0.33011513276719273, "g": 0.31608640540132277, "m": 0.26408947911125125, "p": 0.25134146421558, "h": 0.20329832719248123, "y": 0.16467992039879417, "b": 0.14975797818191372, "f": 0.10877517913555192, "v": 0.0988644349430904, "k": 0.06578264667441662, "w": 0.06521781963627765, "z": 0.03987941599511359, "x": 0.02420218180862872, "q": 0.01687256582533709, "j": 0.01543422720495997}, "g": {"i": 0.9877917068466731, "n": 0.9281967213114755, "e": 0.9264995178399229, "a": 0.7947348119575699, "o": 0.6726133076181292, "r": 0.6609064609450338, "l": 0.5512246865959498, "s": 0.5357569913211186, "t": 0.5123818707810993, "u": 0.3289874638379942, "d": 0.2766055930568949, "h": 0.25618129218900676, "c": 0.2535969141755063, "p": 0.23296046287367406, "m": 0.21978784956605593, "g": 0.20624879459980713, "y": 0.1801542912246866, "b": 0.14013500482160077, "f": 0.1016586306653809, "w": 0.07726133076181292, "v": 0.07475409836065573, "k": 0.056297010607521694, "z": 0.03934426229508197, "j": 0.014252651880424301, "x": 0.014021215043394406, "q": 0.009199614271938283}, "d": {"e": 1.2786015817035374, "i": 0.818745324356097, "a": 0.7468339211285668, "n": 0.671462541412846, "o": 0.6532141712087207, "r": 0.6431014213957466, "s": 0.5538500587795233, "l": 0.4918376616436892, "t": 0.47451106123757614, "u": 0.34989847173239286, "c": 0.3212968900288554, "d": 0.2802447365608635, "p": 0.23891204445869402, "m": 0.23223255316875066, "h": 0.2246580100459549, "g": 0.19159452816073527, "b": 0.1631265362829967, "y": 0.15520465961312385, "f": 0.11315058245164049, "w": 0.10822111787966228, "v": 0.08010045954900075, "k": 0.05922036977663781, "z": 0.03498717537672331, "x": 0.020693064016244524, "q": 0.014387624238537993, "j": 0.013372341562466602}, "l": {"e": 1.0706683764732787, "a": 0.901258668147773, "i": 0.9003520350238093, "o": 0.6819106272104287, "n": 0.6043159003847065, "s": 0.5922928016597103, "t": 0.5540018459377118, "r": 0.5185451397113476, "l": 0.47198830361591426, "c": 0.41696955836348637, "u": 0.37062508678357603, "d": 0.30071632184659114, "p": 0.2900817603384764, "y": 0.2655699945275298, "m": 0.24362293863482287, "g": 0.23344577762168078, "h": 0.22266419452589623, "b": 0.20553617956236575, "f": 0.1332178941607926, "v": 0.10588821458617508, "w": 0.08159698115673318, "k": 0.06749107660641504, "z": 0.033831300896014896, "x": 0.023703147078762733, "q": 0.017748772778136256, "j": 0.009923957167710792}, "u": {"e": 0.9352556141984891, "n": 0.7838533581703405, "s": 0.7802959743350926, "i": 0.7252018006830176, "r": 0.68072803477181, "a": 0.6652049053089103, "t": 0.6281563696574562, "o": 0.6098132050087964, "l": 0.5869812687571148, "c": 0.4062402980440857, "d": 0.33881817241022455, "p": 0.27606592155645243, "u": 0.27085273724516196, "m": 0.26739884093966676, "g": 0.22066128531511953, "b": 0.2160948980647832, "h": 0.19578547035082272, "y": 0.15298044085687676, "f": 0.13929421504708683, "v": 0.08434233674842181, "q": 0.06328262444375453, "k": 0.05634895995032599, "w": 0.036401738590499846, "z": 0.02774759391493325, "j": 0.023025975369967918, "x": 0.022637897133395427}, "i": {"e": 0.9328321046193152, "n": 0.8447219425589728, "a": 0.7840981672133632, "t": 0.7274582399618936, "s": 0.7111601875006766, "i": 0.6531562253039308, "r": 0.6438136684962056, "o": 0.6387851428447706, "l": 0.5966624446537409, "c": 0.46408582594481074, "d": 0.3317419592305111, "p": 0.31432344949281715, "m": 0.3044504346508179, "u": 0.3034490597901984, "g": 0.27722927695322225, "h": 0.2451636300650623, "y": 0.1711214315871521, "b": 0.16431749537202428, "f": 0.12561571021835385, "v": 0.11813516936767238, "k": 0.0659121171770972, "z": 0.057976898011323656, "w": 0.05475625994608814, "x": 0.028520238597858683, "q": 0.02462840873415392, "j": 0.013380533272709558}, "t": {"e": 1.1282516372006963, "i": 0.9790059514703847, "a": 0.8790693269812132, "o": 0.7462502822759821, "n": 0.732992416792325, "r": 0.7166531902649388, "s": 0.6732373230766989, "l": 0.4940885945934133, "t": 0.46728876650859213, "c": 0.42229215382037777, "u": 0.3537300494620366, "p": 0.29728942211732484, "h": 0.27749003838953357, "m": 0.269083677527918, "d": 0.25874691317555015, "g": 0.19352841335402143, "y": 0.18922324934257012, "b": 0.14281343560829562, "f": 0.10157564632094233, "v": 0.08459538014379685, "w": 0.06178748078702186, "k": 0.048609745259584634,